fecha,solar_rad_total,solar_rad_max,precipitation_total,temp_2m_max,temp_2m_min,temp_2m_mean,cloud_cover_mean,wind_u_mean,wind_v_mean,pressure_mean,boundary_layer_height_mean,boundary_layer_height_max,cape_mean,cape_max,skin_temp_max,skin_temp_min,skin_temp_mean,temp_differential,wind_speed_mean
2024-01-03,5691.701396213108,940.6827083333334,0.18662237266653392,28.480065917968773,19.009423828125023,24.571218872070336,0.2824633903801441,-2.856266713142395,-0.8341081451624632,1005.4376093750001,846.4163787841796,1458.80859375,325.9175262451172,541.3657836914062,32.55245361328127,18.207269287109398,27.580996704101587,9.47064208984375,2.99127423027669
2024-01-04,5817.106710272895,941.0352777777778,0.10570803594589506,28.866052246093773,19.809045410156273,24.917327880859396,0.38373519033193587,-2.4545591115951537,-2.309489059448242,1005.3563359374999,869.1759826660157,1404.192626953125,332.6070724487305,525.7855224609375,32.95949707031252,18.998681640625023,28.018182373046898,9.0570068359375,3.393108758675075
2024-01-05,5610.776820949978,922.4228472222222,0.6317460283753462,30.298333740234398,20.733575439453148,25.789627075195334,0.37455144226551057,-0.7804433703422546,-2.8959687471389772,1002.4168125,821.4100708007812,1440.331787109375,380.67434844970705,579.0851440429688,34.15139160156252,19.815454101562523,29.06140136718752,9.56475830078125,3.0511107801610695
2024-01-06,4562.598546617296,765.5113888888889,2.56510401959531,28.182672119140648,21.515161132812523,25.324700927734398,0.6009179353713989,0.5605490982532502,-1.531902551651001,998.5857968749999,681.6794464111329,1098.4366455078125,560.1598571777344,736.2091064453125,31.947045898437523,20.794580078125023,27.71082458496096,6.667510986328125,1.7153928915765484
2024-01-07,4160.190214029947,690.7593055555556,6.893893121741712,26.590203857421898,19.633508300781273,23.653131103515648,0.6450899362564086,-0.6640648961067199,-0.5206543944776059,998.6236875000001,598.6229812622071,1043.12841796875,637.0323547363281,814.3703002929688,30.195062255859398,19.809442138671898,26.266226196289086,6.956695556640625,1.0084984408871724
2024-01-08,4956.544408467611,816.9992361111111,2.3547611199319363,27.386682128906273,18.568963623046898,23.58331298828127,0.4489936888217926,1.0371337622404098,0.03852983936667442,998.9756953125001,710.4275802612304,1249.8631591796875,424.78456115722656,536.0631103515625,30.948205566406273,18.678460693359398,26.40308227539065,8.817718505859375,1.196388696597063
2024-01-10,4493.341096394857,732.0601388888889,4.745985439512879,26.653070068359398,19.209222412109398,23.18992614746096,0.48448504507541656,-2.5095199942588806,-0.679769879579544,1001.1939140625002,652.760400390625,1116.3717041015625,224.18385162353516,404.7532653808594,30.633782958984398,19.089715576171898,25.9527770996094,7.44384765625,2.6879405359403346
2024-01-12,5499.07620212131,922.6822222222222,0.47035728857736103,26.959161376953148,16.601159667968773,22.15657653808596,0.2999294862151146,-2.4047931909561155,-1.6850926399230957,1006.3155546874999,765.9325714111328,1318.18310546875,82.02201709747314,192.03956604003906,31.575158691406273,16.920343017578148,25.91731567382815,10.358001708984375,2.9882109202272615
2024-01-13,5514.906629926893,921.8599305555556,0.7231993804452941,29.003411865234398,18.788568115234398,24.24031677246096,0.32855388820171355,0.1825561612844467,-4.181376385688782,1001.5257734375,857.9853637695312,1348.75830078125,230.0859817504883,382.27239990234375,32.0195251464844,18.877191162109398,26.771426391601587,10.21484375,4.3444933862049435
2024-01-17,5716.8313365766735,955.5445833333333,0.3542172889865469,27.855615234375023,17.637658691406273,23.583721923828147,0.2557820208370686,-1.3923327267169952,-0.03978826627135277,1005.6394999999999,788.551123046875,1436.054443359375,12.408654117584229,14.861398696899414,31.001000976562523,17.132470703125023,26.040945434570336,10.21795654296875,1.648150693106777
2024-01-19,5771.205632565817,973.5040277777778,0.17555755675857654,28.695367431640648,18.321282958984398,24.491607666015646,0.17535356655716897,-0.3334882527589798,3.0140435218811037,1004.113984375,775.8459411621094,1396.31787109375,82.9320110321045,113.21437072753906,32.09182128906252,18.630242919921898,27.182461547851585,10.37408447265625,3.0643402300341265
2024-01-20,6213.489459355673,1049.6409722222222,0.00385452505957673,28.047509765625023,16.558343505859398,23.165966796875022,0.06179034300148487,-2.6593488454818726,0.32829865887761117,1005.8209999999999,806.3686233520508,1565.0968017578125,4.442528760433197,7.016379356384277,32.2662292480469,16.847619628906273,26.678469848632837,11.489166259765625,2.6915580162602275
2024-01-22,6179.271240940094,1044.2108333333333,0.0002254471492824095,28.907617187500023,17.368249511718773,23.987335205078146,0.044866671226918696,-1.460402065515518,-1.3274877309799193,1010.6763203124999,785.9791580200196,1369.093505859375,8.20344831943512,11.535392761230469,32.94048461914065,17.115625000000023,26.99969177246096,11.53936767578125,2.018390841214784
2024-01-25,6102.305647509364,1033.4988888888888,1.1692558476994463e-05,30.496179199218773,18.782647705078148,25.5996765136719,0.07799530811607838,-1.6365323305130004,-3.839991569519043,1005.9686875,943.0265411376953,1568.1785888671875,0.6976819825358689,2.30440616607666,34.04702148437502,18.637109375000023,28.165261840820335,11.713531494140625,4.1843788201897025
2024-01-27,6023.3412208735945,1026.065138888889,8.440565890666107e-05,30.357232666015648,19.192590332031273,25.50484008789065,0.20899421125650405,-1.407400333881378,-3.8970255851745605,1005.7992031250002,952.3349731445312,1526.359619140625,1.2712547838687898,2.3067049980163574,34.87957153320315,19.075585937500023,28.549990844726587,11.164642333984375,4.164571130483991
2024-01-28,5815.033790964914,981.3797916666666,0.0003515075395199574,30.105950927734398,18.845941162109398,25.49223327636721,0.3422337740659714,-2.4186062097549437,-2.560775971412659,1004.9695546875,948.9085968017578,1709.62451171875,1.3981609284877776,2.005459785461426,34.34087524414065,18.934869384765648,28.662768554687524,11.260009765625,3.541288001616264
2024-01-29,5567.840624873614,943.7914583333334,0.013428172955798345,31.542016601562523,19.773767089843773,26.417187500000022,0.15957371592521669,-1.0642428159713746,-2.3636435151100157,1003.3718671874998,868.8635604858398,1610.4034423828125,21.5368390083313,68.47394561767578,36.69948730468752,19.520745849609398,29.931008911132835,11.76824951171875,2.6332720189465872
2024-02-03,5569.393395182293,968.5000694444444,0.03646689794356561,33.3148132324219,22.773431396484398,28.750820922851585,0.27392808347940445,0.9367453724145889,0.0651175171136856,1001.0524453125001,924.2317626953125,1786.521484375,640.9570526123047,1069.4249267578125,37.48931274414065,22.814904785156273,31.61668395996096,10.5413818359375,1.7833442208282122
2024-02-07,4859.510906032986,879.2958333333333,1.7574723169673234,33.39031372070315,24.347039794921898,28.96161804199221,0.6698159575462341,0.47451583072543146,-3.0704598307609556,1000.3391953124999,821.8943237304687,1515.85400390625,936.7949920654297,1284.2230224609375,36.8481384277344,24.024346923828148,31.271081542968773,9.04327392578125,3.2163349409830757
2024-02-08,4222.522443033855,760.3452083333333,4.923821514239535,29.934350585937523,24.113549804687523,27.30409851074221,0.7544115662574769,-2.0765564799308778,-1.3817950963974,1000.3787031250001,669.9023956298828,1116.30712890625,775.0207153320313,1035.614501953125,33.73470458984377,23.864404296875023,29.369500732421898,5.82080078125,2.5089702874134
2024-02-10,3280.539367947049,632.793125,8.214659581426531,28.952661132812523,22.435601806640648,25.371697998046898,0.7719724476337433,-0.2424847163259983,0.30471655617002397,1001.4571171874999,675.9961395263672,1079.42236328125,180.62537536621093,308.4776916503906,30.650201416015648,22.468927001953148,26.722488403320334,6.517059326171875,0.9005724508406507
2024-02-11,5099.370534939236,889.4293055555555,0.12520866732756986,31.470391845703148,21.416345214843773,27.150006103515647,0.3351124793291092,1.0009929895401002,-1.1086713913828135,1001.1589609375,669.7982315063476,1267.347900390625,624.6016967773437,886.1748046875,34.15480957031252,20.666772460937523,29.22876586914065,10.054046630859375,1.5491888464158887
2024-02-12,3189.0045068359377,606.119375,11.193270795047283,24.376184082031273,22.789666748046898,23.530541992187523,0.8553252220153809,0.3272352539002895,3.6797244250774384,1000.6774062500001,708.9704162597657,1036.689208984375,473.3273071289062,1054.57861328125,25.965051269531273,22.385247802734398,24.48080749511721,1.586517333984375,3.754794522497261
2024-02-13,5162.586638454862,923.7709027777778,0.08452258194324713,22.355828857421898,14.648950195312523,18.52293395996096,0.49236987829208373,-0.15784122757613658,3.7910308122634886,1013.212125,973.9723205566406,1277.2174072265625,1.7927586272358895,5.822988510131836,26.610681152343773,15.087762451171898,21.558770751953148,7.706878662109375,3.800948291247881
2024-02-14,5515.858505859374,969.2467361111111,0.0007063036173704518,24.754235839843773,13.563470458984398,19.706362915039087,0.1161174550652504,-1.6208270609378814,-1.53207386136055,1011.1152890625001,707.7061325073242,1141.4080810546875,0.06150383064523339,0.3687739372253418,28.502587890625023,14.514276123046898,22.796182250976585,11.190765380859375,2.236472733096785
2024-02-15,5272.613462999132,905.188125,0.001627458019959338,27.301812744140648,15.867486572265648,22.240081787109396,0.19216488897800446,-1.68044456243515,-3.0379950523376467,1007.502203125,766.7859252929687,1282.474365234375,1.5016762599349023,4.178735733032227,29.819451904296898,15.991510009765648,24.41499938964846,11.434326171875,3.48429980385779
2024-02-17,4749.627722439236,817.6161805555555,0.07797986580726501,28.675225830078148,19.506707763671898,24.512356567382835,0.36721070408821105,-2.083264434337616,-2.083032786846161,1003.6853125,819.1685241699219,1365.558837890625,18.467978858947752,26.492624282836914,30.851525878906273,18.973596191406273,26.384307861328146,9.16851806640625,2.9696895000295918
2024-02-19,4869.216731228299,855.4968055555555,0.115344900564196,29.522149658203148,19.460382080078148,24.965319824218774,0.2686280936002731,-0.14919559471309185,2.026431107521057,1003.2929375,707.1943969726562,1350.4637451171875,64.25736694335937,89.3488540649414,32.59639892578127,19.307763671875023,27.492581176757835,10.061767578125,2.067939103083744
2024-02-20,4873.2226239691845,847.3000694444445,0.10186228183783896,29.946221923828148,19.705194091796898,25.438397216796897,0.397314564883709,-1.4851586520671844,-1.441732943058014,1000.899578125,689.0292404174804,1304.04296875,2.3793774127960203,4.085153102874756,33.02266845703127,19.541223144531273,27.863250732421896,10.24102783203125,2.075091607958603
2024-02-24,4139.295855577257,729.4019444444444,0.46972844938864,24.697778320312523,17.098596191406273,21.0539001464844,0.531788033246994,-3.210251975059509,2.333193039894104,1012.13228125,860.1804595947266,1291.199462890625,56.08664798736572,103.16360473632812,28.025476074218773,17.729547119140648,23.73811950683596,7.59918212890625,4.032194216920268
2024-02-25,3700.9170277235244,658.9179166666667,3.3549842482898384,24.618951416015648,17.768243408203148,21.24474792480471,0.7249090075492859,-4.233115887641906,-0.5706206750124693,1012.1934374999998,736.6923522949219,1038.8780517578125,46.66264400482178,125.36734008789062,26.184045410156273,18.090142822265648,22.893768310546896,6.8507080078125,4.298864766546517
2024-02-27,3717.662925211588,656.5293055555555,0.5358557100407779,28.005181884765648,20.763269042968773,24.292324829101585,0.6570870816707611,0.4931802198290825,1.1357057482004165,1001.552328125,544.2286499023437,957.0603637695312,126.8618377685547,196.45057678222656,30.129479980468773,20.406365966796898,26.057876586914084,7.241912841796875,1.2868476093787546
2024-02-28,4335.189799397786,750.0220138888889,0.6685242278763326,29.218774414062523,20.958032226562523,25.449572753906274,0.43404885828495027,0.2931138090789318,-1.6359871864318847,1001.0162265625,623.0071502685547,1105.8402099609375,553.47036819458,802.4520263671875,31.278924560546898,20.069116210937523,27.07912292480471,8.2607421875,1.7246109009337438
2024-02-29,3749.699402126736,673.6052777777778,1.750509771227371,26.784997558593773,20.113061523437523,23.6975280761719,0.6303008735179901,-1.918832015991211,0.8878898620605469,1005.4881484375001,546.3952011108398,935.02978515625,624.6634063720703,771.6458740234375,29.821496582031273,19.549798583984398,25.70019226074221,6.67193603515625,2.126730487536136
2024-04-07,3665.1219184027777,699.73625,0.019312087722767046,24.021173095703148,14.762231445312523,19.064129638671897,0.281869837641716,-0.2843910660594702,-0.828888663649559,1005.3673515625,509.0127716064453,928.206787109375,1.1733620464801788,3.9769155979156494,26.624475097656273,13.772180175781273,20.977160644531274,9.258941650390625,0.92165659710633
2024-04-11,2048.003785807292,388.4869791666667,0.1857582196862495,16.762322998046898,11.232415771484398,13.986102294921897,0.7736204445362092,-3.246046018600464,1.848362183570862,1014.6454531249999,787.5119567871094,1052.233154296875,2.827557420730591,4.871072769165039,18.774072265625023,12.082666015625023,15.824771118164085,5.5299072265625,3.8242927172625834
2024-04-14,746.8794631618923,141.27177083333333,3.7342093273764476,19.827691650390648,17.147821044921898,18.407873535156273,0.9812601149082184,-3.3932124853134153,0.9122833490371705,1003.7970703125,517.1957733154297,568.174072265625,273.2216941833496,336.53631591796875,19.757318115234398,16.906365966796898,18.40357055664065,2.67987060546875,3.5454735138987963
2024-04-15,709.3766015625,149.38100694444444,16.434320248663425,20.134912109375023,18.888757324218773,19.462719726562522,0.9899022161960602,-2.351950764656067,-0.46258393246680496,995.9950546875,560.5349060058594,663.5846557617188,144.6034782409668,212.74234008789062,19.966760253906273,18.096490478515648,19.05464477539065,1.24615478515625,2.4786508061614585
2024-04-17,3688.2771213107644,698.2452083333334,0.003357956696703468,22.945092773437523,12.879754638671898,17.990823364257835,0.023919429583474993,5.066712141036987,0.43223948115482924,1005.3298046875001,843.7974975585937,1476.817138671875,2.1366091907024383,3.869731903076172,23.587640380859398,12.168878173828148,18.6912292480469,10.065338134765625,5.098696050396329
2024-04-24,3056.4913069661457,592.2784027777777,0.05784053018942359,17.740167236328148,9.982385253906273,13.859075927734398,0.3131662428379059,-0.76617301851511,1.7719877704977989,1008.5982734375,504.1174011230469,773.3980712890625,3.3957279443740847,5.563793182373047,19.785668945312523,9.691339111328148,15.475750732421897,7.757781982421875,2.1864014816692356
2024-04-25,1724.941092393663,354.2344791666667,0.9229411734850146,18.496606445312523,13.085412597656273,15.433020019531273,0.7136963665485382,-0.546093824505806,-2.626322031021118,1003.5489531249999,485.36041564941405,637.03466796875,68.21895637512208,76.8737564086914,19.615014648437523,12.833825683593773,16.30418395996096,5.41119384765625,2.693569984115773
2024-04-28,3366.578220486111,645.818125,0.001294950862429367,19.955438232421898,8.713159179687523,14.278518676757836,0.06114635765552521,1.8290623664855956,-1.1477914452552795,1002.12171875,594.5331787109375,997.73974609375,0.6670210748910904,1.036973237991333,20.785485839843773,8.411065673828148,15.301699829101585,11.242279052734375,2.2019474144501068
2024-04-29,2295.785463324653,450.4297222222222,0.9419364578207023,20.309747314453148,13.433251953125023,16.41664733886721,0.47119281589984896,-1.2257690012454987,-3.629832887649536,996.59646875,459.21372375488284,694.6804809570312,346.1650756835937,449.5884094238281,21.242730712890648,11.701531982421898,16.89721679687502,6.876495361328125,3.8349807450748066
2024-05-07,1126.4537961154515,227.93664930555556,2.2083084913901985,19.452996826171898,15.505517578125023,17.268853759765648,0.9208887040615081,-2.1421863555908205,-0.3173686943948269,995.1528281249999,409.9638366699219,545.22607421875,583.2250091552735,637.8834228515625,19.630426025390648,15.005273437500023,17.499749755859398,3.947479248046875,2.206423593913745
2024-05-11,2290.5796887207034,463.81118055555555,0.10309913704986684,15.545007324218773,8.458612060546898,11.802410888671897,0.5552917420864105,-1.9293403565883636,3.3005621671676635,1008.5288359374999,575.6188735961914,1010.6593627929688,6.2169252157211305,9.571264266967773,17.600549316406273,8.331933593750023,13.386944580078147,7.086395263671875,3.8595893546019937
2024-05-14,2840.6063994683154,565.6113541666666,0.05955604797236447,13.455468750000023,3.2600952148437727,8.236511230468773,0.2670556128025055,2.9147422313690186,1.7033565282821654,1015.9591015624999,683.0326690673828,1288.83056640625,0.4482088088989258,1.011206865310669,16.112512207031273,3.8092895507812727,10.631668090820336,10.19537353515625,3.3906175108273304
2024-05-15,2755.215917019314,548.9183680555556,0.013714640530793076,15.010675048828148,4.130578613281273,9.540386962890647,0.3866697758436203,2.2975751757621765,-0.7560072988271713,1009.3726250000002,523.0912216186523,962.2078247070312,1.1378639876842498,1.4567049741744995,17.259423828125023,4.149652099609398,11.380017089843772,10.880096435546875,2.430788129541676
2024-05-17,2283.7135095214844,446.166875,0.17567046234034933,13.791894531250023,6.293908691406273,10.052322387695336,0.4389065563678741,1.7614428520202636,3.579587936401367,1009.3812578125,637.6181365966797,1100.881591796875,2.939837169647217,5.552394866943359,15.876153564453148,6.315148925781273,11.634277343750023,7.49798583984375,4.012391809927689
2024-05-24,2177.0714747111,436.38163194444445,0.3841926363747916,11.022668457031273,6.356011962890648,8.533276367187522,0.5489832401275635,0.8069622039794921,4.915671634674072,1016.8567890625,897.7341064453125,1340.849853515625,5.571484756469727,10.86800765991211,13.466516113281273,6.326593017578148,10.065234375000022,4.666656494140625,4.984205088917156
2024-05-25,2421.0134334309896,498.315,0.056660312566236826,10.808038330078148,2.4165588378906477,6.554473876953148,0.4237433850765228,0.026681262254714965,2.781331419944763,1020.5040078125,731.3442504882812,1327.1558837890625,0.837883135676384,1.1301723718643188,14.026971435546898,3.0566650390625227,9.004858398437523,8.3914794921875,2.8446884058642032
2024-05-28,2423.1469483778214,502.8747916666667,0.002963332867977897,13.890435791015648,3.7797180175781477,8.42161560058596,0.43290223479270934,-0.11858658641576766,-0.9845421670936048,1016.49059375,420.47355499267576,734.7647705078125,0.6501819878816605,1.2617815732955933,16.013452148437523,3.8281494140625227,10.263043212890647,10.1107177734375,1.1592286454377805
2024-05-29,2012.3638594224717,420.6642708333333,0.021138319226565727,15.529656982421898,7.791558837890648,11.093020629882835,0.7951853513717652,0.8025271505117416,-4.725745964050293,1012.3968593750002,603.3564422607421,826.8446655273438,1.6082758903503418,2.758237600326538,16.412255859375023,8.104730224609398,12.39959411621096,7.73809814453125,4.7990311816907205
2024-07-07,2336.449351162381,488.7755902777778,0.05522541619029653,9.846704101562523,1.4400268554687727,5.299914550781272,0.1934679850935936,-0.4416329514235258,3.258015584945679,1019.5089062500001,537.0411773681641,1072.7110595703125,1.4051724433898927,2.4530651569366455,12.812402343750023,1.2027832031250227,7.195861816406273,8.40667724609375,3.3070305030704352
2024-07-11,2327.764972029792,480.96666666666664,0.016980883572159655,11.253869628906273,0.25466308593752274,5.237197875976586,0.32655428647994994,0.8136705219745636,0.7424932584166527,1014.8956640625001,389.83219146728516,895.1275634765625,0.7371072769165039,1.511685848236084,13.689263916015648,-0.7378295898437273,6.869552612304711,10.99920654296875,1.2450698536630889
2024-07-14,2294.9835175026788,476.42274305555554,0.019738500441235374,13.372033691406273,0.7910400390625227,6.57400817871096,0.159157133102417,0.2794484393671155,-1.029126489162445,1019.4073124999999,309.07021255493163,638.3687133789062,0.7892337203025818,1.3900383710861206,14.441156005859398,0.31875000000002274,7.684182739257835,12.58099365234375,1.0997121571345994
2024-07-15,1982.3392281638253,423.9093402777778,0.02951713383936294,15.095788574218773,4.100762939453148,8.934378051757836,0.36526361107826233,-1.0868221700191498,-3.0323195457458496,1019.4398203124999,397.6851470947266,794.7756958007812,1.430823776125908,8.051532745361328,15.593682861328148,3.6046691894531477,9.64830017089846,10.995025634765625,3.2232381287721643
2024-07-17,2374.664501783583,500.138125,0.0022040472948958723,17.220025634765648,4.123162841796898,10.223565673828148,0.39984667748212815,0.9220639428589493,-1.1599117785692215,1013.424640625,309.65193328857424,813.6141967773438,0.6637739477679133,1.403448224067688,19.050653076171898,3.8354431152343977,11.754528808593772,13.09686279296875,1.7828343641286544
2024-07-24,2068.766209479438,434.3384722222222,0.5309780881361803,20.549188232421898,12.710168457031273,16.08223266601565,0.3756577730178833,1.585889893770218,-1.8387040689587593,1003.8468515625,439.3459747314453,773.418701171875,22.444118785858155,36.313602447509766,21.275048828125023,11.557733154296898,16.45450134277346,7.839019775390625,2.7531746289014825
2024-07-25,2756.286850348579,565.2185069444445,0.004360593553215386,21.006951904296898,7.112512207031273,13.507049560546898,0.18843103498220443,2.1978711009025576,0.34578357487916944,1007.3366484374999,291.656005859375,630.549072265625,0.018984674662351608,0.06321839243173599,21.787377929687523,6.083703613281273,14.346026611328147,13.894439697265625,2.251926038024308
2024-07-28,2463.2372099812824,502.1225694444444,0.023665007972795138,14.462884521484398,5.559899902343773,9.714978027343772,0.27665586322546004,-0.013950963597744703,2.663162922859192,1014.8988906249999,528.7820175170898,1083.009765625,19.574837112426756,26.3465518951416,17.203210449218773,5.051446533203148,11.45502624511721,8.902984619140625,2.6715461859271246
2024-07-29,2939.940568847656,600.1540277777777,0.0005491848668603971,13.209924316406273,1.9957214355468977,7.517608642578148,0.10246304273605347,-0.6129714973270893,0.7887880802154541,1021.974546875,509.8051818847656,923.8347778320312,0.014961685691378079,0.0772988498210907,16.178887939453148,1.7705017089843977,9.43517761230471,11.214202880859375,1.4056737703465645
2024-08-07,1796.21305074056,366.08486111111114,2.968043125292752,12.611718750000023,7.941369628906273,9.982476806640648,0.754851371049881,2.8828443050384522,4.6270523309707645,1005.2453750000001,830.2841979980469,1188.7791748046875,8.225067043304444,11.77432918548584,14.805566406250023,8.533807373046898,11.645098876953147,4.67034912109375,5.462929512199707
2024-08-11,3064.9771340603297,599.8066666666666,0.24367803780478425,14.713494873046898,6.565454101562523,10.698144531250023,0.19092013239860534,4.6221935749053955,4.884565615653992,1009.4895937499999,1039.7977355957032,1629.5521240234375,1.4785727873444556,3.497509479522705,16.646417236328148,6.094720458984398,11.867340087890648,8.148040771484375,6.778575343117774
2024-08-14,3131.7264246961804,625.3897222222222,0.0,20.144677734375023,6.175836181640648,12.639465332031273,0.5005203396081924,-1.3413100123405457,-3.2090134382247926,1006.0427031250001,340.3323577880859,633.96142578125,0.0,0.0,21.057794189453148,5.236596679687523,13.587606811523461,13.968841552734375,3.495134842078316
2024-08-15,3102.5479494900173,610.1567361111111,0.014751258700762548,20.280999755859398,7.093438720703148,13.48406677246096,0.44799174666404723,-0.7367923274636269,1.299066147208214,1006.7274296875,321.3529472351074,771.66064453125,0.001436781587835867,0.007088122423738241,23.119348144531273,5.928063964843773,15.254290771484397,13.18756103515625,1.505148659917744
2024-08-17,2582.712095811632,515.2208680555556,0.06734658083473732,14.700616455078148,6.860040283203148,10.09037780761721,0.7986189603805542,-2.908333253860474,0.9112192243337631,1010.2366640624999,492.727392578125,744.6183471679688,1.9083524703979493,2.525861978530884,18.295953369140648,6.782800292968773,12.679470825195335,7.840576171875,3.0987102819287125
2024-08-24,3038.851106770833,583.7368055555555,0.40880144842958543,12.433709716796898,3.8187194824218977,8.266439819335961,0.5112354695796967,1.515582025051117,2.4165383100509645,1017.8768124999999,707.248666381836,1499.35693359375,11.985976785421371,36.55162811279297,16.262536621093773,2.6986022949218977,10.523806762695335,8.614990234375,2.854736968860041
2024-08-25,3373.308552517361,640.8734722222222,0.005010626765056259,13.607110595703148,2.2904602050781477,7.851409912109398,0.25947966873645784,0.5643753983080387,0.7933251984417439,1021.700546875,601.2884155273438,1121.3988037109375,0.3981417641043663,0.725095808506012,17.678247070312523,1.9304748535156477,10.796530151367211,11.316650390625,1.0386412686682311
2024-08-28,3720.377693142361,713.304375,0.0,19.196527099609398,6.075128173828148,12.645495605468772,0.3628867506980896,-2.641913819313049,-2.6518944978713987,1012.9759687500002,517.9529708862304,1073.3782958984375,0.002413793120649643,0.007471264339983463,21.394586181640648,5.440057373046898,14.341131591796898,13.12139892578125,3.772138118638865
2024-08-29,3496.1375423177083,664.7465277777778,0.0,19.037683105468773,8.066247558593773,13.360858154296897,0.4232941076159477,-1.852051317691803,2.1919343292713167,1014.08421875,455.1776641845703,1089.6402587890625,0.5392337128520012,0.9438697099685669,21.996392822265648,6.225030517578148,15.28168640136721,10.971435546875,2.879803170378189
2024-09-07,4181.479160996034,770.9346527777777,0.0,22.277368164062523,7.959924316406273,15.598245239257835,0.20108463913202285,0.2500228129327297,0.19661664515733718,1003.5539296875,483.77572402954104,1182.6568603515625,0.4114176243077964,1.5262452363967896,25.045251464843773,6.406976318359398,17.49436950683596,14.31744384765625,0.4468332134760649
2024-09-11,3313.957446619669,614.7786805555555,0.9690942497400101,17.591943359375023,11.371759033203148,14.209222412109398,0.5819019913673401,0.7105422794818879,3.773779797554016,1004.4070078125002,739.7410675048828,1312.382080078125,73.59551849365235,168.78372192382812,21.266778564453148,10.594171142578148,16.491458129882837,6.220184326171875,3.8408340767076483
2024-09-14,4542.189895884196,823.4775694444445,0.0004698946984849073,19.337365722656273,7.185693359375023,13.656216430664085,0.021915975492447615,-0.0326063547283411,2.270154666900635,1013.3359453125,750.3654541015625,1600.240234375,0.03678160850831773,0.24501915276050568,23.715509033203148,6.377496337890648,16.72723388671877,12.15167236328125,2.3720431446350565
2024-09-15,4392.186374825372,786.6110416666667,0.004623310758233856,20.715234375000023,7.570489501953148,14.454760742187522,0.28891901969909667,0.020259257405996323,-3.2011974811553956,1012.1663203124999,673.0206481933594,1204.515380859375,1.2502585883834398,2.7486588954925537,23.780389404296898,7.289086914062523,16.80448913574221,13.144744873046875,3.290571189009101
2024-09-17,3905.308426310221,700.5095138888889,0.00623834539226209,24.336877441406273,12.596490478515648,18.670413208007837,0.720321261882782,-1.9470110654830932,-5.309683752059937,1006.19240625,769.2744354248047,1241.134765625,0.25286398734897375,0.9398467540740967,25.454858398437523,11.605279541015648,19.601394653320334,11.740386962890625,5.661464444795058
2024-09-24,4069.9035451931427,719.2132638888888,1.206399843795225,20.817315673828148,11.329827880859398,16.36701354980471,0.35614378452301027,-1.9198547005653381,0.9756515622138977,1004.3477656250001,617.3517242431641,1072.2880859375,148.76413650512694,192.53697204589844,24.271508789062523,10.595025634765648,18.637063598632835,9.48748779296875,2.1626226025976596
2024-09-25,3412.454822726779,604.6804861111111,0.8426607673754916,19.568200683593773,11.905419921875023,16.14513854980471,0.5276679784059525,-1.4786510348320008,3.4815518856048584,1005.7942343749999,689.0268371582031,1261.1873779296875,16.66071834564209,24.683237075805664,22.812829589843773,11.634637451171898,18.41241149902346,7.66278076171875,3.7844363748985943
2024-09-28,4845.145885416667,850.0071527777778,0.0004260476060835572,24.456170654296898,11.725000000000023,18.513882446289085,0.4277535378932953,0.7505044966936112,-2.4218934297561647,1004.7854296874999,624.075651550293,1175.4285888671875,0.17703065310488456,0.5948275923728943,27.688897705078148,10.544885253906273,20.847183227539084,12.731170654296875,2.541921203750074
2024-09-29,4644.481594238281,812.363125,0.0023465503184993963,28.072930908203148,13.537377929687523,21.412634277343773,0.3781739890575409,-1.268337893486023,-3.5007515430450438,1000.9663359374999,557.7135284423828,1228.9852294921875,20.133371675014494,88.17940521240234,29.679528808593773,12.228295898437523,22.80572509765627,14.535552978515625,3.725892934195527
2024-10-05,5244.131831597222,896.9555555555555,7.307849325677296e-07,24.728601074218773,11.243493652343773,18.67983093261721,0.19369646459817885,-2.293808901309967,0.23365915343165397,1007.8121015624998,521.6117660522461,1074.601806640625,15.019789278134704,35.26551818847656,29.270104980468773,10.827722167968773,22.158145141601587,13.485107421875,2.3585483938067164
2024-10-06,4619.114009331597,803.90625,0.0017695956486818432,23.678399658203148,13.289178466796898,18.602993774414085,0.7804953932762146,-4.778673791885376,-0.4995190627872944,1008.5734609375,634.3356109619141,1100.15771484375,0.1305747146019712,0.9454023241996765,27.523034667968773,12.940209960937523,21.51541442871096,10.38922119140625,4.866205737617283
2024-10-09,3393.9281049262154,595.7809722222222,1.3271675124997273,18.542626953125023,11.958367919921898,15.105780029296898,0.917605859041214,-3.320253372192383,0.5257103547453881,1013.1256796875001,707.7926788330078,990.6793823242188,4.8550670623779295,6.305459976196289,21.316400146484398,12.333520507812523,17.3496765136719,6.584259033203125,3.376401265068261
2024-10-10,3655.7842914496528,626.0522222222222,0.13984263750899117,21.372491455078148,12.398858642578148,17.23616638183596,0.6633612513542175,-0.6330532371997833,-1.0765153527259828,1005.4569374999999,696.5753448486328,1180.2462158203125,4.027250909805298,5.04128360748291,24.898156738281273,12.314355468750023,19.875347900390647,8.9736328125,1.2862906137173313
2024-10-11,5367.453671875,915.5192361111111,0.007762031991376261,24.640863037109398,13.128961181640648,19.881326293945335,0.09650301672518254,2.1825689911842345,1.834718669205904,999.2618515624999,788.5540618896484,1566.1905517578125,1.8801340855658055,6.060632228851318,28.380609130859398,12.292474365234398,22.489099121093773,11.51190185546875,3.108195772740809
2024-10-15,3853.6086935763888,697.230625,1.5759840825921856,23.357690429687523,15.733148193359398,19.438580322265647,0.7972052276134491,-0.6210841029882431,2.056722468137741,1007.6041171875002,584.0573165893554,1093.8714599609375,107.26842918395997,238.45297241210938,25.620690917968773,16.031274414062523,21.300262451171896,7.624542236328125,2.1696514142107675
2024-10-16,5072.537026909723,859.3646527777778,0.041490678768241196,25.147363281250023,13.836114501953148,20.336157226562523,0.39869384765625,-2.7270248413085936,-2.1355569422245027,1006.0233906249999,736.5017135620117,1280.0330810546875,24.27097704410553,60.87557601928711,28.233422851562523,13.569970703125023,23.00148620605471,11.311248779296875,3.536341910211412
2024-10-19,5630.705780521631,939.3632638888889,0.027720133971342875,27.516412353515648,14.359246826171898,22.12998962402346,0.23641811460256576,-1.1416828453540802,-3.855715250968933,1003.4831718750002,716.45361328125,1215.6502685546875,16.646800881624223,57.55862045288086,29.651879882812523,13.700830078125023,24.078848266601586,13.15716552734375,4.024112577607698
2024-10-26,6146.607429504394,1008.3660416666667,0.0,22.646112060546898,8.912652587890648,17.110659790039087,0.0023970330163137986,2.9751169681549072,0.48768203109502795,1007.0465781249999,894.8066314697265,1623.8446044921875,0.00031609195284545424,0.003160919528454542,26.145257568359398,9.090417480468773,20.203994750976584,13.73345947265625,3.164018166061367
2024-10-27,5988.210703832839,983.2879166666667,6.577064282087264e-06,25.758569335937523,11.185388183593773,20.08195495605471,0.1834218416363001,-0.2514186717569828,-3.905380702018738,1008.2972031249999,752.5224868774415,1431.525390625,8.844185741548426,14.430843353271484,27.651025390625023,10.614221191406273,21.9088317871094,14.57318115234375,3.9513437576414114
2024-11-05,6001.266422526041,987.7386805555556,0.49328091768074955,24.708367919921898,13.189843750000023,20.08236999511721,0.2306604728102684,-0.8647458652034402,0.41624327898025515,1009.4236875,771.3226516723632,1315.485595703125,13.733716487884521,18.299041748046875,27.976464843750023,12.620690917968773,22.604702758789085,11.518524169921875,1.3725055962397044
2024-11-06,4977.014927571615,804.1378472222223,0.29252187141537433,24.943444824218773,15.365502929687523,21.22803649902346,0.5846878826618195,-0.7949435859918594,-1.1290309108793735,1004.0502968750001,706.0146697998047,1084.4810791015625,144.74165782928466,262.41888427734375,28.975946044921898,14.602593994140648,23.820886230468773,9.57794189453125,1.8224341797462658
2024-11-07,5897.132832777234,960.0930555555556,0.09964800506168103,23.119470214843773,14.488610839843773,19.244274902343772,0.28088665306568145,-3.4468038439750672,3.3301615953445434,1009.276765625,921.1925506591797,1458.4090576171875,11.595201110839843,67.6863021850586,27.080041503906273,14.488366699218773,22.329260253906273,8.630859375,4.870663032557745
2024-11-08,6108.728919135199,988.9091666666667,0.03697589011153468,24.892877197265648,12.908197021484398,19.65095825195315,0.2239338144659996,-2.088330793380737,-1.617874413728714,1007.3301015625,791.7536102294922,1311.9102783203125,2.2186302661895754,5.305076599121094,29.217675781250023,13.283563232421898,23.337258911132835,11.98468017578125,2.7023939355230593
2024-11-09,5999.507681477865,980.7063888888889,0.2761745831776352,27.483758544921898,15.574487304687523,22.499902343750023,0.2658130645751953,-0.8388391494750976,-4.134142279624939,1002.8915546874999,792.49443359375,1307.724365234375,26.91943492889404,54.055076599121094,30.649713134765648,14.890985107421898,25.138208007812523,11.909271240234375,4.229296130029355
2024-11-10,4821.346569485135,769.0035416666667,2.513704646844417,25.961114501953148,17.659875488281273,22.6102966308594,0.4986373484134674,-0.5536180675029755,-2.40304491519928,999.0076015625002,704.5589050292969,1150.0543212890625,85.83270931243896,99.74559020996094,28.531457519531273,16.616296386718773,24.267886352539087,8.301239013671875,2.5698545103082853
2024-11-11,4597.072125651042,752.0772916666666,2.308506802364718,19.569116210937523,14.565728759765648,17.175588989257836,0.5068285346031189,3.5689390897750854,4.330845332145691,1003.3498828124999,1211.6586975097657,1872.1844482421875,22.452375507354738,32.590518951416016,22.030114746093773,14.367395019531273,19.070233154296897,5.003387451171875,5.613806731035228
2024-11-12,6290.526614718967,1008.1415972222222,0.002096621922631492,23.582055664062523,10.119531250000023,18.2467224121094,0.25791978240013125,2.9747667789459227,0.2554676227271557,1005.0522500000001,1020.6895156860352,1995.3280029296875,1.2853160887956618,1.8837164640426636,27.565698242187523,10.231164550781273,21.81990661621096,13.4625244140625,3.0212755410782055
2024-11-13,6321.894301215278,1028.9938194444444,1.0230988500836702e-05,27.434289550781273,12.634545898437523,21.839346313476586,0.09806384406983852,1.48506338596344,-1.1367732465267182,1002.4066953124999,879.7989212036133,1837.716064453125,0.03563218386116205,0.16379310190677643,31.549371337890648,12.085748291015648,25.04964294433596,14.79974365234375,1.9068879446858287
2024-11-14,6398.079642605252,1030.8948611111111,0.0001673497529441903,30.118402099609398,15.587274169921898,24.352319335937523,0.1654364675283432,0.19911854565143586,-3.3791379928588867,1001.9906015624999,787.9460159301758,1602.220947265625,6.4072510383790355,25.627490997314453,33.03963623046877,14.895196533203148,26.661306762695336,14.5311279296875,3.4033627148025842
2024-11-15,6270.539157443577,1013.6006944444445,0.00680835762523202,31.094781494140648,19.100244140625023,26.18551940917971,0.27436636239290235,-0.4123262785375118,-4.868322896957397,998.3008359375001,975.7203918457031,1666.4205322265625,5.218218457698822,22.264272689819336,33.87871704101565,17.890832519531273,28.172344970703147,11.994537353515625,4.892334175995312
2024-11-16,5561.658565945096,887.0861805555555,0.7234204276755918,28.254235839843773,18.171777343750023,24.396838378906274,0.39612347781658175,-1.3356860637664796,0.390828750282526,1000.4248125000001,891.4782562255859,1659.279541015625,21.233850990608335,53.09837341308594,33.11675415039065,17.132714843750023,27.606671142578147,10.08245849609375,1.4293122833026661
2024-11-19,4235.869251030816,650.1434722222223,2.7925308895646594,20.797387695312523,13.884790039062523,18.34302368164065,0.7707403838634491,-3.515075707435608,0.5236796289682388,1008.3778125000001,714.1495422363281,1106.185791015625,7.419722175598144,14.189080238342285,24.036920166015648,13.866296386718773,20.974978637695337,6.91259765625,3.5673789032969685
2024-11-23,5782.884364963107,919.1514583333334,0.21799277328682365,28.102105712890648,17.803826904296898,23.7265075683594,0.3680493891239166,-2.579244875907898,-3.3091487884521484,1005.5559531249999,915.2623718261718,1414.3563232421875,1.3963505804538727,2.938314199447632,31.021356201171898,16.836145019531273,26.206619262695334,10.29827880859375,4.203327716074979
2024-11-24,5211.810239257813,799.7792361111111,1.1803996239905246,29.538201904296898,19.783227539062523,25.45621032714846,0.45495940893888476,-1.6287906110286712,-4.428787279129028,999.4470390624999,785.6148284912109,1191.3961181640625,189.42763977050782,395.19061279296875,31.174676513671898,18.613732910156273,26.88905944824221,9.754974365234375,4.793058274369171
2024-11-26,3396.509461263021,556.4312152777778,2.803466690238565,25.338464355468773,19.057946777343773,22.098913574218773,0.8150731146335601,-1.7709097623825074,-1.3118552207946776,1000.38575,601.7270233154297,837.482666015625,276.00169677734374,398.8542175292969,27.855493164062523,19.466180419921898,24.470623779296897,6.280517578125,2.283819445316971
2024-11-27,3775.863093261719,631.4861805555555,7.188311370555311,24.113336181640648,19.059716796875023,21.607266235351585,0.6292879700660705,-1.534190833568573,0.9573849022388459,998.2659375000001,533.2197814941406,946.970947265625,380.84923400878904,466.3439636230469,28.407403564453148,18.735162353515648,24.680633544921896,5.053619384765625,1.8105248416217268
2024-12-03,6355.95943874783,1002.6976388888888,0.09838265077632968,22.710290527343773,10.379632568359398,17.765127563476586,0.11160327792167664,1.5658836483955383,1.2999909400939942,1005.7916328125,1006.2074157714844,1697.541748046875,0.1426532557234168,0.47375479340553284,26.344934082031273,10.624627685546898,20.91187438964846,12.330657958984375,2.0506469028102066
2024-12-04,6598.58101264106,1051.2829166666668,0.011882562745313408,26.992761230468773,13.422570800781273,21.6586364746094,0.12334491685032845,0.7288827400654554,-4.0348505020141605,1002.3078515625,789.2615814208984,1339.0775146484375,30.9396455347538,116.63860321044922,28.950585937500023,13.079919433593773,23.314736938476585,13.5701904296875,4.142669813647716
2024-12-05,6063.250244411893,959.8227777777778,0.22671432816423476,27.961816406250023,16.093286132812523,23.305694580078146,0.31087041944265364,-1.0502121865749359,-2.7213895320892334,997.0043359375001,765.8318450927734,1410.07958984375,142.2546558380127,317.8017272949219,30.816674804687523,14.950952148437523,25.485537719726587,11.8685302734375,2.9259190031128908
2024-12-06,4784.5743185763895,772.8030555555556,3.842760474071838,23.680352783203148,18.233911132812523,20.972619628906273,0.5809685915708542,-0.12317092306911945,3.061454725265503,996.9561328125001,872.7751739501953,1363.74609375,223.9825912475586,464.29449462890625,26.969598388671898,18.104974365234398,23.498321533203146,5.446441650390625,3.0786271546459374
2024-12-07,5358.74985514323,872.5139583333333,0.15820360886209528,20.554345703125023,13.836724853515648,17.434573364257837,0.47197410464286804,0.18658793289214373,4.893496370315551,1006.24521875,1281.7121337890626,1871.584716796875,6.961877298355103,18.803064346313477,24.436517333984398,14.323510742187523,20.471096801757835,6.717620849609375,4.907277173944662
2024-12-08,6217.018901638455,991.4896527777778,0.11103545966761885,21.713128662109398,10.777337646484398,17.468399047851584,0.21346274465322496,-1.5445603013038636,-0.4157123610377312,1008.6759296875,978.1238433837891,1545.557861328125,0.5471024960279465,1.0186781883239746,26.910882568359398,11.169854736328148,21.43758239746096,10.935791015625,1.6714911814300435
2024-12-10,6516.281086968316,1044.1519444444446,0.011160181969671612,27.876062011718773,14.358392333984398,22.970120239257835,0.04572481755167246,-1.051155287027359,-1.5500828862190246,1004.7459531249999,807.892123413086,1513.0435791015625,4.527131277322769,10.944061279296875,32.0848327636719,14.079278564453148,26.262625122070336,13.517669677734375,1.8908243787788859
2024-12-12,5740.362032063802,929.1409722222222,0.6155510964163113,28.931390380859398,18.481622314453148,24.930310058593772,0.45222398042678835,-1.5340064644813538,-2.6151002645492554,999.0462187500001,863.8777923583984,1477.1129150390625,203.78516235351563,307.75439453125,32.94185791015627,17.984704589843773,27.72759704589846,10.44976806640625,3.0838030249492823
2024-12-13,5006.097321506077,839.3552083333333,2.1357430232455954,26.574884033203148,17.984521484375023,22.498867797851585,0.536279433965683,-0.13104748632758856,2.4267052948474883,999.6560078125,745.2719253540039,1339.0167236328125,70.10542125701905,125.0235595703125,29.792260742187523,17.923669433593773,25.168731689453146,8.590362548828125,2.441863369944832
2024-12-14,6106.726897515191,1011.8800694444444,0.09273916248275782,27.646600341796898,17.220117187500023,23.307632446289084,0.269732566177845,-0.6675866067409515,3.3026435375213623,1002.1103125,913.1278793334961,1720.814697265625,166.15317192077637,233.75938415527344,31.935784912109398,16.857965087890648,26.79627075195315,10.426483154296875,3.37338226247196
2024-12-15,6188.9524321831595,996.5271527777778,0.1574826892465353,26.579003906250023,15.889855957031273,22.198516845703146,0.2084461823105812,-1.5453914046287536,2.780883049964905,1005.0918515625001,918.4827758789063,1665.447509765625,9.529530668258667,16.406417846679688,31.049432373046898,16.178826904296898,25.973785400390646,10.68914794921875,3.183156558963336
2024-12-16,6414.787527398003,1022.620625,0.014480137906502932,26.552423095703148,14.458703613281273,21.72448425292971,0.1999156340956688,-2.061696267127991,0.7205474257469178,1007.2070546875,857.3693923950195,1537.7548828125,0.6603256672620773,1.0765326023101807,32.38741455078127,14.679467773437523,26.472076416015646,12.093719482421875,2.190385212358995
2024-12-17,6201.006165907118,986.7264583333333,0.015390330332820668,27.890710449218773,16.049615478515648,22.94153442382815,0.40079928934574127,-3.068115258216858,-2.7165024995803835,1007.28571875,940.8434051513672,1627.460693359375,4.482222229242325,6.931609153747559,31.948754882812523,15.973168945312523,26.499609375000023,11.841094970703125,4.126123161762728
2024-12-22,6469.581166992188,1044.9740277777778,0.01968149946485198,26.922113037109398,13.908227539062523,21.282312011718773,0.12065479755401612,0.4074727915227413,-1.0585548520088195,1008.2358515624999,817.7388580322265,1460.5960693359375,1.7529022991657257,4.513888835906982,31.817010498046898,14.284783935546898,25.39436645507815,13.013885498046875,1.2319175496398365
2024-12-23,5758.3438647460935,933.5229861111111,0.5234451655269368,27.896844482421898,17.393640136718773,23.662060546875022,0.34298614859580995,-0.02392703592777252,-4.0747020721435545,1002.5896484375,892.8525360107421,1484.3193359375,36.96304655075073,109.37960052490234,31.655908203125023,16.810815429687523,26.23408813476565,10.503204345703125,4.0809828774662265
2024-12-24,4931.270549045139,839.4247916666667,1.1036650048481533,23.834924316406273,16.544732666015648,20.23363952636721,0.6282005548477173,0.9757438600063324,4.4487708568572994,1006.7136875,908.7239227294922,1523.26708984375,72.45909881591797,89.63850402832031,26.693353271484398,16.520440673828148,22.68155212402346,7.290191650390625,4.558093302483042
2024-12-28,6322.597359076606,1037.5965277777777,0.0073337921264737815,28.012628173828148,16.255090332031273,23.278546142578147,0.22527534812688826,-1.8793041944503783,1.3946447253227234,1008.8291406249998,900.0294494628906,1646.65234375,2.67485631108284,11.780842781066895,34.1652770996094,15.752587890625023,27.824511718750024,11.757537841796875,2.3503922481453197
2024-12-29,6000.611591661242,982.2676388888889,0.19473116140034108,28.250970458984398,17.006097412109398,23.332574462890648,0.415148651599884,-2.7641801595687867,-1.2405563235282897,1006.9989296875001,861.2466812133789,1540.4036865234375,69.36297950744628,81.16619110107422,34.20614013671877,16.852166748046898,27.848550415039085,11.244873046875,3.0481421735602354
2025-01-03,6118.01092827691,1022.4522222222222,0.039586984257766744,28.158349609375023,15.920983886718773,23.11504821777346,0.24919640719890596,0.9364597856998443,3.927741527557373,1002.00603125,931.2634704589843,1621.8828125,1.356963610649109,2.006321907043457,32.98104248046877,16.706048583984398,26.925244140625022,12.23736572265625,4.039796453787419
2025-01-04,6206.813263075087,1040.5027777777777,0.02012910522353195,28.625329589843773,16.079888916015648,23.302819824218773,0.1786564528942108,-1.2014405727386475,1.6553977489471436,1004.199609375,822.0987060546875,1517.9508056640625,2.4063984155654907,5.115325450897217,34.77297363281252,16.123315429687523,27.98823852539065,12.545440673828125,2.052502229553124
2025-01-05,5784.986628350152,984.96625,0.15259738893291797,28.407220458984398,16.924310302734398,23.12293395996096,0.3854254961013794,-2.7423075675964355,-0.7679923377931118,1004.3491250000001,825.743424987793,1484.7998046875,11.832174253463744,14.517528533935547,34.93679199218752,17.428460693359398,27.966336059570335,11.48291015625,2.874076646221255
2025-01-06,5888.297065429688,978.5606944444445,0.08885577290129731,29.045159912109398,17.536553955078148,24.047235107421898,0.44970495998859406,-2.291896843910217,-2.1341151118278505,1003.6116015624999,751.3368087768555,1349.163818359375,19.869827818870544,50.33707046508789,34.34270629882815,18.115625000000023,28.230203247070335,11.50860595703125,3.1449796763116202
2025-01-07,5820.06528974745,982.4209722222222,0.12379057966427354,30.525537109375023,18.914697265625023,25.414651489257835,0.3967895478010178,-1.6118730545043944,-2.5234243392944338,1002.8579687499999,800.2785140991211,1581.4395751953125,58.357164764404295,108.06925201416016,35.9050231933594,18.990380859375023,29.217764282226586,11.61083984375,3.006422879514158
2025-01-08,6284.371472540961,1044.6880555555556,0.013378113776774114,31.640863037109398,19.244073486328148,26.417373657226584,0.30628218650817873,-1.8808632850646974,-2.485256814956665,1002.9656640625001,881.0010391235352,1834.2359619140625,111.2555648803711,134.00152587890625,36.6190124511719,19.423333740234398,30.103564453125024,12.39678955078125,3.1280965009329003
2025-01-10,5124.499951019287,861.2590972222222,0.588001603318844,28.910119628906273,18.960778808593773,24.65960388183596,0.461038213968277,-2.247834491729736,2.1690419554710387,1004.3372500000002,962.2842864990234,1854.324462890625,70.65365867614746,83.35823822021484,34.5313659667969,19.009851074218773,28.888992309570334,9.9493408203125,3.15559143921178
2025-01-11,5790.525824144152,985.2538888888889,0.03809764439210994,30.229425048828148,18.350396728515648,25.16430664062502,0.3118580237030983,-2.704032564163208,0.5754387602210045,1005.5574375,939.5098007202148,1824.65234375,19.01846742630005,27.770977020263672,35.82891235351565,18.809960937500023,29.474136352539084,11.8790283203125,2.7793442024716875
2025-01-12,6245.666282874214,1045.0678472222223,0.0002605248194675891,31.592828369140648,19.036828613281273,26.2452575683594,0.04042310444638133,-1.9920737624168396,-2.7535084962844847,1004.5065390625001,913.5039520263672,1736.32666015625,1.3633045881986618,3.5872604846954346,36.29372558593752,19.264276123046898,29.83594665527346,12.555999755859375,3.4147734272237136
2025-01-13,6133.996646915012,1030.4258333333332,0.003308263334389494,31.859826660156273,19.661523437500023,26.663977050781273,0.15300121530890465,-1.2904567658901214,-2.199087697267532,1001.028875,939.8888214111328,1797.11376953125,0.5956226095557213,1.8129310607910156,37.52791748046877,19.763787841796898,30.460525512695334,12.19830322265625,2.614429127706786
2025-01-14,6021.494369888305,1008.9498611111111,0.02619790848257253,32.49407348632815,19.147973632812523,26.956118774414087,0.16664885729551315,-1.465512454509735,-1.5571618974208832,999.008390625,908.7884338378906,1848.431640625,16.39687728881836,21.844444274902344,37.65560302734377,19.630090332031273,30.902395629882836,13.346099853515625,2.1701634710788555
2025-01-15,5974.832156702678,1010.886875,0.0075161228210163245,34.17144165039065,20.358972167968773,28.307537841796897,0.12708805203437806,-0.5630725906230509,-1.899881935119629,998.7159140624999,889.5865325927734,1827.654052734375,45.56262474060058,81.09454345703125,38.9717956542969,20.569909667968773,31.956890869140647,13.812469482421875,2.0296689606067035
2025-01-16,5163.830360132853,853.3855555555556,0.27274646890873555,32.70729980468752,22.790673828125023,28.47730102539065,0.47851563096046446,0.39835261926054955,-0.022628474235534667,1000.7721796874999,897.5314651489258,1785.2421875,208.10230140686036,329.6395568847656,38.34462890625002,22.155145263671898,32.12363891601565,9.9166259765625,1.285317649620008
2025-01-17,5703.973868043688,980.6208333333333,0.14576381818187656,30.331384277343773,20.396661376953148,25.941931152343773,0.5345071792602539,-2.02168847322464,1.582774293422699,1003.2621640624999,768.0667770385742,1468.7115478515625,163.61067276000978,209.95115661621094,35.40487060546877,20.961389160156273,29.508828735351585,9.934722900390625,2.5768504057913715
2025-01-22,5952.4167191611405,1011.1607638888889,0.003942584569927021,31.975579833984398,18.661584472656273,26.510784912109397,0.14380984976887703,-0.2708950836211443,0.013668262027204036,1003.1249375,764.9226989746094,1626.4957275390625,47.372940635681154,83.192626953125,36.38875732421877,18.348168945312523,29.544348144531273,13.313995361328125,0.31837285274050675
2025-01-23,5295.178431097666,905.8402777777778,0.3510920905682724,32.08510742187502,21.110742187500023,27.42211608886721,0.2858677849173546,-1.7457854270935058,-2.903264117240906,1001.9962187499999,787.3443374633789,1612.4912109375,119.50109977722168,228.27969360351562,35.9658142089844,20.518426513671898,30.027542114257834,10.974365234375,3.456670002395682
2025-01-25,5654.628689896265,955.7080555555556,0.07168013411273932,30.842065429687523,18.989678955078148,25.626675415039085,0.24330473244190215,-0.4461479322984815,0.5700938373804092,1004.03278125,776.6127883911133,1597.136474609375,280.13677978515625,343.49951171875,35.5452819824219,19.651116943359398,29.382501220703148,11.852386474609375,0.7391367675619954
2025-01-28,4599.580441251595,795.559375,2.354807162191719,28.774102783203148,19.326654052734398,24.363955688476587,0.5747692346572876,-1.9504595637321471,1.096868634223938,1004.1649296874999,675.7954071044921,1288.0091552734375,336.1531127929687,403.4660949707031,33.5402770996094,19.767724609375023,27.886611938476584,9.44744873046875,2.2562346630721004
2025-01-29,5432.241663530359,933.0554861111111,0.3729023701453116,30.598809814453148,19.066186523437523,25.152636718750024,0.23313686102628708,-1.3722506046295166,-0.4820253670215607,1006.338796875,693.6551376342774,1312.1094970703125,266.29364624023435,316.5007629394531,34.54122314453127,19.416040039062523,28.450720214843773,11.532623291015625,1.4681656286611493
2025-01-30,5628.329418402777,948.5001388888888,0.02771501788600972,31.116510009765648,20.115319824218773,26.177642822265646,0.15827217549085618,-2.2972511410713197,-1.5640209078788758,1005.1334140625,850.2157363891602,1602.7275390625,54.406225776672365,106.5088119506836,35.1592956542969,19.796563720703148,29.295465087890648,11.001190185546875,2.7951654346725596
2025-02-01,5538.912275390626,970.2383333333333,0.13285962234022008,30.489801025390648,19.391412353515648,25.584280395507836,0.18254880160093306,-1.6300666689872743,0.20527864433825016,999.8213515625,836.0948196411133,1612.3291015625,46.187212753295896,58.80890655517578,36.8349548339844,19.588037109375023,30.04406433105471,11.098388671875,1.648908485803462
2025-02-02,5735.654545355903,1005.0409722222222,0.19965190205084582,33.58040771484377,20.573083496093773,27.77545166015627,0.10402031391859054,-0.6144625157117843,-3.8696222066879273,996.3998125,877.1913436889648,1588.625732421875,93.26244239807129,184.0977020263672,37.45012817382815,20.669671630859398,30.74532165527346,13.00732421875,4.016808273542875
2025-02-03,5231.484552951389,908.9050694444444,0.8905732247512788,32.99953613281252,21.827172851562523,27.972683715820335,0.30229194164276124,-0.8688942939043045,-1.1553165078163148,996.4813750000001,756.7039230346679,1619.295166015625,200.6922737121582,295.0791320800781,37.59761962890627,21.256890869140648,30.912084960937523,11.17236328125,1.4788694933776683
2025-02-08,5550.211226128472,980.9642361111111,0.0861478487101941,33.27202758789065,22.860742187500023,28.43583679199221,0.10367709025740623,0.464650372043252,-2.176834186911583,1002.4277343750002,809.9669464111328,1381.6800537109375,457.23366088867186,787.4534301757812,37.0820251464844,22.138269042968773,30.633557128906272,10.411285400390625,2.397822777548624
2025-02-15,3820.694831814236,682.4881944444444,1.9730802159756422,26.847528076171898,19.261499023437523,23.13785095214846,0.5824916958808899,-0.8478888750076294,-0.6564841814339161,999.2041953125001,557.3068771362305,927.5235595703125,252.92600021362304,355.7766418457031,30.160028076171898,19.670709228515648,25.543817138671898,7.586029052734375,1.1424562012517074
2025-02-19,5449.205812717014,973.3479861111111,0.0,30.316949462890648,15.819329833984398,23.710125732421897,0.11421114541590213,0.5839773274958133,-3.2928499937057496,1001.0420546875,606.4209442138672,1242.8062744140625,0.10702107101678848,0.3929118812084198,32.68624267578127,16.080163574218773,25.85806579589846,14.49761962890625,3.3515387466285893
2025-02-22,4887.0769628906255,880.3077083333334,0.45055813370709075,32.94390258789065,24.631036376953148,28.87541198730471,0.339061413705349,-0.32656519261654465,-3.691843056678772,1002.3623359375,692.2205810546875,1200.2210693359375,1793.015576171875,2232.247802734375,35.53301391601565,23.795861816406273,30.614044189453146,8.3128662109375,3.7162991015291182
2025-03-01,3806.4936133151587,747.1230555555555,2.656071068486199,27.756372070312523,21.606530761718773,24.31392517089846,0.7333456456661225,1.043000840395689,0.7965764783322811,999.9824687500001,651.2612854003906,962.9557495117188,409.8746810913086,641.430908203125,30.353875732421898,21.314416503906273,25.9353698730469,6.14984130859375,1.3917837016800734
2025-03-02,2627.5437236192492,489.32368055555554,6.874564336612821,26.222558593750023,21.620507812500023,23.99548034667971,0.9650083422660828,-2.723719334602356,-2.9848341226577757,1003.6618046874999,547.4116668701172,834.5445556640625,243.82407913208007,462.6388854980469,27.258752441406273,20.998254394531273,24.68218688964846,4.60205078125,4.048365244554556
2025-03-03,3334.8295803154842,643.2220833333333,2.064078609691933,28.443292236328148,21.912896728515648,25.17145690917971,0.7278561949729919,-0.8958927810192108,-2.2625755786895754,1002.3574453125002,557.4524658203125,948.7888793945312,756.3977996826172,1101.0697021484375,29.737542724609398,22.146051025390648,26.389736938476585,6.5303955078125,2.446147533346399
2025-03-08,2991.8718092685276,553.9371527777778,6.121539219748229,21.214440917968773,18.951074218750023,20.12476196289065,0.7914111018180847,2.1838711380958555,4.6076559066772464,1007.58353125,845.2965026855469,1120.341796875,43.009559059143065,112.31331634521484,23.308953857421898,18.883203125000023,21.39872741699221,2.26336669921875,5.124311121980456
2025-03-15,3468.882082095676,630.1558333333334,0.017625070569238233,24.209039306640648,14.591180419921898,19.853674316406273,0.649420189857483,-1.7439749479293822,-2.518742036819458,1008.5130390625,670.21318359375,1240.7537841796875,14.790795230865479,19.98151397705078,26.098321533203148,15.008905029296898,21.596340942382835,9.61785888671875,3.0891106175071728
2025-03-19,4203.383754895528,780.8721527777777,0.12246932033121993,28.694787597656273,17.096459960937523,22.9997009277344,0.17909187376499175,-1.2469470381736756,-3.059109961986542,1006.3678437499999,575.1302886962891,1145.5093994140625,297.6263717651367,483.43438720703125,30.908319091796898,17.162835693359398,25.055688476562523,11.59832763671875,3.4122498935060706
2025-03-22,3219.5524927081005,613.410625,1.2973229968338273,25.730828857421898,19.601068115234398,22.475756835937524,0.6254557073116302,-1.2042362868785859,0.06656902395188809,1002.2988124999999,519.2947128295898,958.386474609375,438.1531814575195,690.5112915039062,28.980950927734398,18.612512207031273,24.631091308593774,6.1297607421875,1.3097867784190322
2025-03-29,3685.48466796875,701.0614583333333,0.09025522547290166,25.985894775390648,15.886499023437523,21.01235046386721,0.3628364339470863,-1.682289469242096,-1.858018559217453,1003.904109375,525.5970504760742,1070.751708984375,54.602739334106445,86.41043853759766,27.527978515625023,15.569238281250023,22.691510009765647,10.099395751953125,2.581233114083506
2025-04-01,3956.5178580729166,727.2201388888889,0.008558952863779723,20.187127685546898,10.167962646484398,15.47696228027346,0.2422321431338787,-1.6249672025442123,-1.0644885044544936,1012.4911015624999,779.99384765625,1372.1898193359375,0.9427490569651127,1.9564176797866821,22.739709472656273,10.454064941406273,17.857513427734396,10.0191650390625,2.035570474379504
2025-04-02,3848.4252256944446,730.6024305555555,0.2675725122571748,22.675622558593773,12.830651855468773,17.568701171875023,0.18436354994773865,2.2277026891708376,-0.9927229166030884,1003.6212421875,523.4837295532227,1018.2168579101562,12.792653322219849,14.642145156860352,25.142907714843773,12.112969970703148,19.55098571777346,9.844970703125,2.503918076508073
2025-04-03,3766.015865885417,704.6883333333334,0.6398248515324667,19.351403808593773,12.231042480468773,16.137686157226586,0.24472058117389678,2.6027059078216555,4.3312623500823975,1007.8611640625002,852.5268005371094,1603.1812744140625,10.889760279655457,19.551244735717773,22.487969970703148,12.002496337890648,18.363427734375023,7.120361328125,5.0778354908050245
2025-04-08,2168.8301378038195,399.82416666666666,0.4660365211748285,20.580316162109398,14.508813476562523,17.340740966796897,0.6827875971794128,-2.1317564129829405,2.169971227645874,1009.9604140625,669.888784790039,946.697509765625,6.412796854972839,10.8287353515625,20.735498046875023,13.927667236328148,17.75765075683596,6.071502685546875,3.0851963942369727
2025-04-15,2595.8750434027775,506.0181597222222,3.3565576013643295,19.693017578125023,12.755609130859398,15.956277465820335,0.5625253736972808,-1.996635377407074,-0.8534049231559038,1007.309421875,480.1676544189453,827.3472900390625,26.13800754547119,30.251245498657227,22.415551757812523,12.441613769531273,17.856814575195337,6.937408447265625,2.210900776863071
2025-04-19,3212.74466796875,617.2876388888889,0.10370568816142622,18.403649902343773,10.639398193359398,14.442199707031273,0.37993001341819765,0.4123815417289734,3.4735536575317383,1012.3561406250001,704.88564453125,1144.8035888671875,2.1122222423553465,3.252490520477295,21.410211181640648,10.833581542968773,16.69722290039065,7.764251708984375,3.5037923502316857
2025-04-22,3049.3259418402777,590.15,0.12673527692186326,22.559289550781273,13.279016113281273,17.72601013183596,0.49504139125347135,-0.5284993778914213,-2.081199610233307,1004.7296953125,375.76535720825194,735.7758178710938,3.6191188216209413,6.41839075088501,24.121209716796898,12.063836669921898,18.880056762695336,9.2802734375,2.172804290698168
2025-04-29,3340.305922309028,646.6607638888889,0.0010914272685624837,23.213067626953148,8.836694335937523,16.055718994140648,0.17445293590426444,-0.3500797461718321,-2.5017826795578,1006.308765625,355.44504470825194,828.6572875976562,0.01891762492014095,0.0676245242357254,24.179345703125023,8.465814208984398,17.357836914062524,14.376373291015625,2.5310426566674087
2025-05-01,2957.0790695529513,574.7941666666667,0.0001118100948216405,22.627740478515648,13.138787841796898,17.45954284667971,0.6196879208087921,-1.477100419998169,-4.01026222705841,1004.3013437500001,477.0990051269531,811.5802612304688,1.588419532775879,2.8664751052856445,23.810418701171898,12.220269775390648,18.500439453125022,9.48895263671875,4.279021933668025
2025-05-02,2897.557923719618,570.8640277777778,0.09752178673494427,23.325097656250023,13.468682861328148,18.04821777343752,0.20945685133337974,0.9888681471347809,0.31201991345733404,1006.6767890625,359.5097351074219,778.9574584960938,47.953429794311525,56.29090118408203,25.600762939453148,12.414788818359398,19.521130371093772,9.856414794921875,1.0932683534254148
2025-05-03,2970.4955213758676,588.0980555555556,0.01441728998674563,24.886163330078148,12.294427490234398,18.34590759277346,0.2841120705008507,-0.20399461654014886,-2.831741487979889,1006.6815312499999,399.38468704223635,959.3605346679688,12.051877546310426,16.188888549804688,26.023095703125023,11.930230712890648,19.862176513671898,12.59173583984375,2.8493799785243734
2025-05-08,1789.340718383789,380.80145833333336,2.703083140659146,20.580224609375023,15.862786865234398,17.74468688964846,0.7138629138469696,-0.32369709834456445,1.19420365691185,998.9108828125002,395.9941665649414,706.0180053710938,234.72701416015624,290.94512939453125,22.447015380859398,15.473931884765648,18.943106079101586,4.717437744140625,1.2982329023291261
2025-05-15,1549.3175892469617,291.6734375,1.709891661448637,23.454949951171898,17.827996826171898,20.557717895507835,0.8536171078681946,-1.159714336693287,-4.267453980445862,1003.6073828125,531.0915985107422,816.6722412109375,400.23134460449216,437.8701171875,23.597619628906273,17.153497314453148,20.759817504882836,5.626953125,4.4705784918367355
2025-05-19,1516.375766805013,312.7073263888889,0.40790038929117145,15.326196289062523,9.806665039062523,12.247427368164086,0.7663893163204193,0.29413632974028586,-2.001653826236725,1007.8883828124999,492.24192504882814,777.9080200195312,8.133400535583496,27.008142471313477,16.711877441406273,9.694787597656273,13.44468688964846,5.51953125,2.2151041802482623
2025-05-22,2333.4874544949002,483.44197916666667,0.027323317453920026,15.995263671875023,7.691033935546898,11.460870361328148,0.39589020907878875,-1.8192238569259644,-0.1391030564904213,1014.4610624999999,397.17305755615234,778.6527099609375,1.1721743404865266,4.570881366729736,18.689843750000023,7.790734863281273,13.506472778320335,8.304229736328125,1.9080421680748478
2025-05-29,2538.193574795193,516.2731597222222,0.0005239727869366106,14.084558105468773,2.7818237304687727,8.205892944335961,0.3839416891336441,1.8136148571968078,-0.9912499636411667,1014.94359375,384.8895233154297,774.6738891601562,0.05425287317484617,0.13457854092121124,16.339654541015648,3.1314025878906477,10.343212890625022,11.302734375,2.121110658819002
2025-07-03,2416.315917989943,504.4651736111111,0.0,13.480279541015648,1.7815490722656477,6.782006835937523,0.5616405129432678,-0.14410501206293702,-4.803754234313965,1017.400875,426.09926452636716,653.9113159179688,0.0,0.0,14.033319091796898,1.3030029296875227,7.66479187011721,11.69873046875,4.808477847835671
2025-07-05,2091.138370908101,446.01694444444445,0.006659277460130397,15.438012695312523,4.938470458984398,9.594512939453148,0.6525236248970032,-2.5819124460220335,0.40444237515330317,1015.5809296875001,317.4474212646484,644.6773681640625,0.15566092133522033,0.29233717918395996,17.559869384765648,3.8267456054687727,10.851260375976585,10.499542236328125,2.689645475899649
2025-07-06,1622.6236779064604,328.4482638888889,0.41194162804458756,16.156549072265648,9.183465576171898,12.004031372070335,0.44445190727710726,-3.4250521659851074,-3.040005826950073,1011.2461640625,432.7478790283203,617.6524658203125,10.886082410812378,17.49463653564453,16.523034667968773,7.431878662109398,12.098455810546898,6.97308349609375,4.6004489041252015
2025-07-07,1844.54801422543,399.1620833333333,1.0513145025470294,16.687677001953148,9.737695312500023,12.416827392578147,0.5672126293182373,0.33567390928510576,0.42177737802267073,1012.8160625,233.72972259521484,496.45880126953125,20.26739459037781,42.28256607055664,18.630426025390648,8.732141113281273,13.466238403320336,6.949981689453125,0.646859521231588
2025-07-13,2169.526475368076,458.9294097222222,0.054992295872580144,17.613427734375023,9.009332275390648,12.448126220703148,0.23766506016254424,-0.31030760230496524,-2.0315301537513735,1013.5495859375,278.2252822875977,543.4927368164062,0.33107279539108275,0.6990421414375305,19.658593750000023,7.850488281250023,13.64887390136721,8.604095458984375,2.0614909990090284
2025-07-14,1911.2371753141615,405.0464236111111,0.006033725668430634,18.283166503906273,9.635369873046898,13.070867919921898,0.4076539516448975,-1.921916663646698,-3.0304202795028687,1010.7455156249998,326.17713775634763,593.0532836914062,10.530613040924072,17.538026809692383,19.805902099609398,9.474053955078148,14.573522949218773,8.647796630859375,3.5905213842889823
2025-07-23,1741.1610681830516,361.32006944444447,0.6473482862929814,10.302453613281273,5.269464111328148,7.631546020507836,0.6419581025838852,-2.658374047279358,0.6903134413063526,1018.369703125,525.8291717529297,776.087646484375,3.3571072101593016,5.1417622566223145,12.368920898437523,5.161767578125023,9.016134643554711,5.032989501953125,2.8974494348696007
2025-07-24,1529.9439669121634,333.7103472222222,0.16192367053236012,13.252893066406273,7.160333251953148,9.729742431640648,0.7754037499427795,-2.383267045021057,-3.709149408340454,1011.1650234374999,609.5361541748047,771.746337890625,6.385114979743958,14.600957870483398,14.529992675781273,7.156457519531273,10.690679931640648,6.092559814453125,4.4421342402988575
2025-07-28,2236.379511481391,455.3959375,0.024338426570125193,12.886743164062523,6.837976074218773,9.45523376464846,0.6504106283187866,-1.5604714155197144,1.697373813390732,1018.10159375,545.8102935791015,939.1589965820312,1.9430268168449403,2.8080458641052246,15.276696777343773,6.049554443359398,10.74058532714846,6.04876708984375,2.4340551752317143
2025-08-03,2777.515575358073,556.1943402777778,0.02857405523570833,15.713800048828148,8.068048095703148,11.818218994140647,0.24815609082579612,0.7847978740930557,2.1148049235343933,1009.473671875,645.136849975586,1088.5345458984375,1.2383333399891854,2.670306444168091,17.840661621093773,7.114984130859398,12.830255126953148,7.645751953125,2.2742222710025035
2025-08-05,2898.233841417101,582.2760763888889,0.0014666853420663983,14.670037841796898,4.986688232421898,9.346685791015648,0.3376227170228958,-1.679782497882843,-1.7523869305849076,1020.0899843750001,494.9117172241211,864.0126342773438,0.1704980842769146,0.3222222328186035,17.305139160156273,4.397424316406273,11.154632568359398,9.683349609375,2.5331704526099403
2025-08-06,2500.9160462782115,493.8640972222222,0.35705018672160804,15.719049072265648,6.267480468750023,10.590502929687522,0.44574618637561797,0.8969967901706696,-1.302837210893631,1012.3658984375,401.9611846923828,789.9517211914062,0.3499233677983284,0.45383140444755554,18.443444824218773,5.590478515625023,12.338888549804711,9.451568603515625,1.8928013249847815
2025-08-07,2519.723658243815,501.91263888888886,0.0672212499921443,13.604211425781273,7.260430908203148,10.044006347656273,0.44066727757453916,0.44771847426891326,4.371398258209228,1015.114328125,646.0254791259765,1113.66748046875,3.421781587600708,4.878543853759766,16.215997314453148,6.549768066406273,11.599148559570335,6.343780517578125,4.401982011531523
2025-08-13,2727.057284342448,542.5451388888889,0.03563161067177134,14.779351806640648,7.850396728515648,11.220034790039085,0.7529244601726532,-0.6956650763750076,4.613876581192017,1014.5084687499999,769.3974365234375,1132.758544921875,1.5806705117225648,3.093295097351074,17.821740722656273,7.892633056640648,13.193878173828148,6.928955078125,4.679196098829846
2025-08-14,3059.7236075846354,607.7586805555555,0.0032359155568428832,12.968865966796898,3.6405273437500227,8.19726257324221,0.2078169494867325,-1.2234274744987488,1.1098640441894532,1020.805421875,601.6123748779297,989.3275756835938,0.3627586215734482,0.5440613031387329,17.516290283203148,3.9595886230468977,11.178985595703148,9.328338623046875,1.6942431256536328
2025-08-23,3583.4918359375,703.6625694444444,0.055963874501685495,14.300866699218773,6.710443115234398,10.319598388671897,0.15015100240707396,4.117854833602905,3.3144870042800902,1011.933484375,1004.474169921875,1688.39306640625,0.44234674125909806,1.6727969646453857,16.386407470703148,6.525384521484398,11.747488403320336,7.590423583984375,5.3029739717168445
2025-08-24,3585.126400824653,679.8415277777777,1.4250305380159034e-05,17.783593750000023,5.074487304687523,11.315454101562523,0.2417198047041893,4.627687597274781,-3.192421221733093,1010.90975,720.8487976074218,1358.8768310546875,0.006455938681028783,0.05469348654150963,18.691613769531273,4.181115722656273,12.235049438476585,12.7091064453125,5.625084502832807
2025-08-28,3755.0050130208333,714.2818055555556,9.134811196354065e-05,21.788079833984398,9.655908203125023,15.674520874023461,0.1964172378182411,-1.722681713104248,-3.2233293771743776,1012.3352265625001,470.12010955810547,1006.16357421875,0.21856321345549076,1.549616813659668,23.678063964843773,8.372399902343773,16.965783691406273,12.132171630859375,3.6591037667322133
2025-09-03,3170.2809027777776,614.8872916666667,1.725651032757014,15.633813476562523,10.465570068359398,12.819976806640648,0.5593074887990952,2.5557241082191466,2.523291528224945,1003.91978125,701.3526031494141,1302.912353515625,97.69445266723633,161.92001342773438,18.022332763671898,9.660791015625023,14.319174194335961,5.168243408203125,3.6146407575758674
2025-09-05,3980.214518229167,738.2984722222222,0.1563517971590045,12.545922851562523,2.9033142089843977,8.060345458984397,0.15200573578476906,1.2207765996456146,2.257423496246338,1020.036234375,785.0441833496094,1402.3125,1.1950287222862244,2.2237548828125,16.635217285156273,2.1592041015625227,10.723010253906272,9.642608642578125,2.5974252868012293
2025-09-06,4185.818947482639,774.240625,0.0009551358708392854,14.771752929687523,2.8923278808593977,9.440686035156272,0.036309729982167485,-0.48287372589111327,-1.7606743693351745,1017.4842265624999,627.9155700683593,1172.1507568359375,0.09936781694414094,0.2852490544319153,18.502191162109398,2.0275512695312727,11.815374755859398,11.879425048828125,1.8397137607158398
2025-09-07,3978.4746052725245,733.0721527777778,0.0008309024786545827,15.698754882812523,4.899224853515648,10.783789062500023,0.36214695647358897,-1.8396417379379273,-3.326971483230591,1012.5997265625001,605.1198196411133,1046.299072265625,0.13886972982436419,0.34674328565597534,18.709436035156273,4.291772460937523,12.721411132812523,10.799530029296875,3.8056293507451087
2025-09-13,4282.933833308749,782.9734027777778,0.0022161052122271485,21.444909667968773,10.423242187500023,15.70391540527346,0.6034083425998688,-3.1802268266677856,-4.216677236557007,1005.4830078125,605.9603851318359,842.4055786132812,0.7842145644128322,5.781992435455322,23.840936279296898,9.718682861328148,17.602908325195337,11.02166748046875,5.290431824907361
2025-09-14,4119.232277336121,750.2255555555555,0.013724505871892667,21.986413574218773,11.067376708984398,16.808181762695334,0.3899243623018265,-0.8273267045617103,2.03679381608963,1008.4033046874999,420.39453887939453,863.6798706054688,37.6327299118042,67.12039947509766,25.145440673828148,9.682916259765648,18.725677490234396,10.919036865234375,2.3204455291833854
2025-09-23,4416.543863932291,768.5244444444445,0.03028920741598995,18.566064453125023,7.323022460937523,13.828787231445336,0.347451750934124,0.34789755269885064,0.30183262191712856,1008.9220078125002,749.5623291015625,1471.0299072265625,1.2393103525042535,2.382758617401123,21.525750732421898,6.424127197265648,16.04048461914065,11.2430419921875,0.5218924869542085
2025-09-24,4828.973144802518,856.5497916666667,1.8269622481525971e-06,18.402764892578148,7.455407714843773,13.316253662109398,0.11620263382792473,-3.4138715505599975,-0.23764484971761704,1022.2293671875002,711.6851928710937,1183.037353515625,0.011340995869250036,0.057662833482027054,21.997399902343773,7.093896484375023,16.025576782226587,10.947357177734375,3.5565889798649417
2025-09-28,5040.911539984809,887.1503472222222,0.011062987461230023,21.978784179687523,8.677423095703148,15.818441772460961,0.1510273352265358,2.4360317945480348,-0.5349776796996594,1004.3937656250002,577.3271453857421,1105.9842529296875,0.06792145492217969,0.2622605264186859,24.576257324218773,7.960504150390648,18.170751953125023,13.301361083984375,2.5760609573628774
2025-10-01,4987.261312391493,866.3170833333334,0.016007478194524083,23.454827880859398,11.174676513671898,18.06048278808596,0.10494271293282509,-0.6095759212970734,-2.3486529350280763,1014.5434843749999,615.209829711914,1109.80810546875,0.43541186973452567,1.7511494159698486,25.345941162109398,9.815606689453148,19.521609497070337,12.2801513671875,2.4296658563935356
2025-10-02,4782.072884114583,835.6040277777778,0.10485119355507777,24.571740722656273,13.534448242187523,19.52966918945315,0.2879071727395058,-0.5354264080524445,-3.0811339616775513,1010.4818828125001,588.3151657104493,1062.67333984375,15.914272117614747,24.18831443786621,26.394250488281273,11.929315185546898,20.90564575195315,11.03729248046875,3.1336408554683017
2025-10-03,4748.143527560764,807.5663194444444,0.033991729594617937,26.115960693359398,15.390985107421898,21.12776794433596,0.33290985971689224,-0.997055858373642,-4.617719841003418,1002.320546875,661.4733703613281,1151.587890625,51.51493244171142,132.97901916503906,27.827355957031273,13.897454833984398,22.55546569824221,10.7249755859375,4.729590941095435
2025-10-04,4268.470306532118,710.1738194444445,0.6665942235031252,27.646966552734398,18.401635742187523,23.577017211914086,0.301117780059576,-1.2997697353363038,-4.848404264450073,995.6436875000002,818.2941162109375,1250.1513671875,337.53945960998533,651.52490234375,28.860864257812523,16.974237060546898,24.491497802734397,9.245330810546875,5.0283425026308874
2025-10-05,3191.9015332031254,571.8455902777778,3.3496326796012,19.025231933593773,16.001916503906273,17.576086425781273,0.7244681656360626,1.077144405245781,4.9573516845703125,998.3463515625001,721.7623687744141,1104.30712890625,157.6652961730957,390.8493347167969,21.976007080078148,15.509820556640648,19.300152587890647,3.0233154296875,5.086133146671161
2025-10-06,4900.128260633681,834.1754861111111,0.0902848236137288,16.883813476562523,8.794885253906273,13.165063476562523,0.32099141627550126,2.808722805976868,3.647752285003662,1009.1417109375001,1191.7225769042968,1795.947509765625,3.842749071121216,6.27931022644043,20.540002441406273,9.228448486328148,16.23278808593752,8.08892822265625,4.6303437039678474
2025-10-07,5398.018017578125,914.2584027777777,0.005323037385096541,22.039086914062523,8.213739013671898,16.16128845214846,0.1348635334521532,2.5491992712020872,-1.3569650799036026,1010.0036953125,750.3104141235351,1571.2696533203125,0.08789272163121495,0.5284482836723328,24.858270263671898,7.937707519531273,18.54487915039065,13.825347900390625,2.9320407811267604
2025-10-08,5561.644892578125,947.7839583333333,0.0,24.586389160156273,9.863793945312523,18.42261657714846,0.032317472342401746,1.024090540409088,-3.7813780307769775,1011.0284062500001,641.2359512329101,1309.130615234375,0.005124521115794778,0.02739463560283184,26.254357910156273,9.063256835937523,19.96497497558596,14.72259521484375,3.9205876448768415
2025-10-09,5516.113326822917,940.2988888888889,0.0,25.533441162109398,13.063653564453148,19.967828369140648,0.21035757064819335,1.5868374705314636,-4.889538860321045,1006.207828125,687.6396179199219,1085.49267578125,0.0,0.0,27.237176513671898,11.903649902343773,21.105081176757835,12.46978759765625,5.14413976207735
2025-10-10,5427.989365234374,929.0129861111111,8.294408715414647e-05,26.753778076171898,13.157556152343773,20.74263610839846,0.6445965528488159,-1.1449352145195006,-3.149413561820984,1003.5924296875,566.6418045043945,1065.885986328125,8.136370009448001,40.03458023071289,28.928918457031273,12.102838134765648,22.588003540039086,13.596221923828125,3.36036091981713
2025-10-11,4153.836381293402,722.3352083333333,1.7252366669708863,24.292199707031273,15.617181396484398,20.600738525390646,0.6671775579452515,-1.8515121221542359,-1.5512641191482544,997.2498984375001,659.3502319335937,1224.826416015625,264.1593868255615,551.9131469726562,27.633813476562523,14.571496582031273,22.678936767578147,8.675018310546875,2.444522682279709
2025-10-13,5437.092039930556,940.4720833333333,0.05310467865271562,24.308343505859398,10.878076171875023,18.36305847167971,0.18144887164235116,3.573145604133606,2.848088502883911,999.9822656249999,881.6508911132812,1634.3414306640625,0.369128349609673,0.5452107191085815,26.936914062500023,11.136163330078148,20.675134277343773,13.430267333984375,4.582269497109994
2025-10-14,5720.402658420139,959.9861805555555,0.0,25.470941162109398,10.570550537109398,19.572949218750022,0.11051780581474305,-1.4881150275468826,-2.7753765106201174,1004.9051406250001,687.5495819091797,1416.08544921875,0.0226628351258114,0.2244252860546112,28.104089355468773,9.815026855468773,21.77069091796877,14.900390625,3.153532227734929
2025-10-18,5798.1812109375005,972.7016666666667,0.0040631641626820425,21.688500976562523,10.570336914062523,17.014447021484397,0.10500276796519756,-2.2037004709243773,1.4324095100164413,1016.0126484374999,886.2888793945312,1643.8609619140625,0.8987739384174347,1.7409003973007202,26.351373291015648,10.926782226562523,20.531243896484398,11.1181640625,2.799002949594776
2025-10-23,4312.38297425429,721.0888888888888,2.4258215198642574,26.640039062500023,17.351861572265648,22.6701110839844,0.6334142625331879,-2.27233647108078,-4.688964128494263,1001.5286093749999,763.7533111572266,1216.4593505859375,149.59520874023437,327.0330505371094,28.896997070312523,16.571252441406273,24.051220703125022,9.288177490234375,5.256572828685134
2025-10-24,3035.5579590415955,521.6519444444444,7.762797875329852,22.479302978515648,18.824090576171898,20.620401000976585,0.8030895829200745,-0.6780484348535538,-0.9059056550264358,997.7958046874999,653.561557006836,943.3656005859375,337.6741088867187,440.6984558105469,23.885491943359398,18.028100585937523,21.4840759277344,3.65521240234375,1.2049211108922664
2025-10-28,3610.7377635362413,583.9690277777778,1.1722170038410695,13.272149658203148,7.408288574218773,10.654650878906272,0.8006094217300415,-2.1935173511505126,3.5653477191925047,1020.6059765624999,1036.447509765625,1373.8212890625,4.71733717918396,9.133620262145996,16.731713867187523,7.639306640625023,13.300848388671898,5.863861083984375,4.212640748930262
2025-10-31,5447.779625362819,871.7458333333333,0.04167118217424104,23.786553955078148,12.160668945312523,19.04712524414065,0.43239626884460447,-0.38439121246337893,-4.459486317634583,1003.5000859375001,942.0110717773438,1566.8809814453125,14.869339179992675,30.56235694885254,26.058801269531273,11.635369873046898,21.058926391601585,11.625885009765625,4.498995414147293
2025-11-01,5361.255531582303,862.2426388888889,0.13045935793343233,24.087365722656273,14.021783447265648,20.39595642089846,0.49991846084594727,1.2640957534313202,-0.14955915808677672,1002.270703125,778.9455764770507,1385.6597900390625,36.30666675567627,57.3430061340332,27.593347167968773,12.810784912109398,22.467175292968772,10.065582275390625,1.5060110590710558
2025-11-02,5565.134553087022,889.4072222222222,0.13998696431372082,25.404260253906273,14.201928710937523,20.820062255859398,0.26676053255796434,0.011184506863355637,-0.03831887198612094,1003.1598671874999,718.0171592712402,1467.486572265625,32.71668539047241,58.5186767578125,29.242944335937523,12.560876464843773,23.810705566406273,11.20233154296875,0.23231827179906034
2025-11-04,3442.907324167887,570.5531597222222,7.230937364511192,21.904779052734398,16.413934326171898,19.547158813476585,0.7609623312950134,-0.09810400754213333,0.8553214453160762,1001.1614609374999,568.4493515014649,883.0111083984375,209.4835517883301,329.3730773925781,24.752069091796898,15.687097167968773,21.419952392578146,5.4908447265625,1.816853657750951
2025-11-08,4704.413929443359,750.6552083333333,0.25973118681577034,19.483575439453148,10.711236572265648,16.170764160156274,0.5744625002145767,-1.1967358388006688,0.8087158910930157,1008.7330312500001,802.0899810791016,1246.5308837890625,22.044985437393187,38.7681999206543,23.016992187500023,10.207086181640648,19.089306640625022,8.7723388671875,1.6970073234794856
2025-11-09,5294.228918185764,821.33875,0.07646896872870457,22.934899902343773,10.965295410156273,18.63216247558596,0.3582120195031166,-0.15216421484947204,-1.0201287031173707,1010.4021953125,877.7907112121582,1463.1072998046875,8.306982803344727,13.2195405960083,25.307092285156273,10.578210449218773,21.18330688476565,11.9696044921875,1.0821467070703918
2025-11-10,6019.042912055122,957.0691666666667,6.028975590988139e-05,25.215234375000023,12.997949218750023,21.107498168945334,0.17461879160255195,-1.330184179544449,-1.9464611887931824,1010.0945156250002,973.8910041809082,1672.3441162109375,0.9511829435825347,1.794731855392456,27.752587890625023,11.590142822265648,23.127880859375022,12.21728515625,2.369334280657982
2025-11-11,4854.038619656033,755.339375,1.539912904263474,25.193780517578148,16.369256591796898,21.66638183593752,0.395798334479332,-1.2701351314783096,-4.415563249588013,1001.65603125,818.9969879150391,1308.022216796875,39.99990348815918,131.36196899414062,26.677941894531273,14.797692871093773,22.656497192382837,8.82452392578125,4.757831461217519
2025-11-13,6203.769562852647,990.6386111111111,0.005395750407366506,26.207696533203148,13.366418457031273,21.371316528320335,0.2267546236515045,0.056046006828546525,-1.1520157992839812,1007.9901484374999,806.7926315307617,1536.426513671875,3.4856417655944822,4.461206912994385,29.125634765625023,12.044305419921898,23.722195434570335,12.841278076171875,1.2010311560156626
2025-11-15,6109.811440158421,982.2745833333333,0.13719756253749438,30.825158691406273,18.395715332031273,26.037915039062522,0.21928637251257896,0.5572496566921472,-4.490050029754639,999.14315625,792.150798034668,1355.7435302734375,438.9996620178223,1008.6852416992188,32.31450805664065,17.307092285156273,27.283267211914087,12.429443359375,4.535459291718839
